{"ueMeasReport":{"du-id":1002,"measTimeStampRf":"2020-11-05T15:39:58.858734","ueMeasReportList":[{"ue-id":"Pedestrian-11","nrCellIdentity":2,"targetTput":0.3,"servingCellRfReport":{"rsrp":74,"rsrq":65,"rssinr":113},"neighbourCellList":[{"nbCellIdentity":8,"nbCellRfReport":{"rsrp":67,"rsrq":65,"rssinr":112}},{"nbCellIdentity":7,"nbCellRfReport":{"rsrp":65,"rsrq":65,"rssinr":107}},{"nbCellIdentity":9,"nbCellRfReport":{"rsrp":64,"rsrq":65,"rssinr":106}},{"nbCellIdentity":1,"nbCellRfReport":{"rsrp":63,"rsrq":65,"rssinr":104}},{"nbCellIdentity":3,"nbCellRfReport":{"rsrp":62,"rsrq":65,"rssinr":101}},{"nbCellIdentity":10,"nbCellRfReport":{"rsrp":61,"rsrq":65,"rssinr":100}},{"nbCellIdentity":6,"nbCellRfReport":{"rsrp":59,"rsrq":65,"rssinr":95}}],"throughput":0.3,"prb_usage":23}]}}
{"ueMeasReport":{"du-id":1005,"measTimeStampRf":"2020-11-05T15:39:58.858734","ueMeasReportList":[{"ue-id":"Pedestrian-14","nrCellIdentity":5,"targetTput":0.3,"servingCellRfReport":{"rsrp":74,"rsrq":65,"rssinr":113},"neighbourCellList":[{"nbCellIdentity":6,"nbCellRfReport":{"rsrp":67,"rsrq":65,"rssinr":112}},{"nbCellIdentity":1,"nbCellRfReport":{"rsrp":64,"rsrq":65,"rssinr":106}},{"nbCellIdentity":4,"nbCellRfReport":{"rsrp":61,"rsrq":65,"rssinr":100}},{"nbCellIdentity":7,"nbCellRfReport":{"rsrp":61,"rsrq":65,"rssinr":99}},{"nbCellIdentity":2,"nbCellRfReport":{"rsrp":58,"rsrq":65,"rssinr":94}},{"nbCellIdentity":3,"nbCellRfReport":{"rsrp":58,"rsrq":65,"rssinr":94}},{"nbCellIdentity":8,"nbCellRfReport":{"rsrp":56,"rsrq":65,"rssinr":90}}],"throughput":0.3,"prb_usage":23}]}}
{"cellMeasReport":{"du-id":1006,"measTimeStampRf":"2020-11-05T15:39:58.859766","cellMeasReportList":[{"nrCellIdentity":7,"throughput":0.3,"pdcpByteMeasReport":{"measPeriodPdcpBytes":10,"pdcpBytesDl":307.2,"pdcpBytesUl":307.2},"prbMeasReport":{"measPeriodPrb":10,"availPrbDl":250,"availPrbUl":250}}]}}
{"cellMeasReport":{"du-id":1006,"measTimeStampRf":"2020-11-05T15:39:58.859766","cellMeasReportList":[{"nrCellIdentity":1,"throughput":0.3,"pdcpByteMeasReport":{"measPeriodPdcpBytes":10,"pdcpBytesDl":307.2,"pdcpBytesUl":307.2},"prbMeasReport":{"measPeriodPrb":10,"availPrbDl":250,"availPrbUl":250}}]}}
{"cellMeasReport":{"du-id":1006,"measTimeStampRf":"2020-11-05T15:39:58.859766","cellMeasReportList":[{"nrCellIdentity":2,"throughput":0.3,"pdcpByteMeasReport":{"measPeriodPdcpBytes":10,"pdcpBytesDl":307.2,"pdcpBytesUl":307.2},"prbMeasReport":{"measPeriodPrb":10,"availPrbDl":250,"availPrbUl":250}}]}}
{"cellMeasReport":{"du-id":1006,"measTimeStampRf":"2020-11-05T15:39:58.859766","cellMeasReportList":[{"nrCellIdentity":5,"throughput":0.3,"pdcpByteMeasReport":{"measPeriodPdcpBytes":10,"pdcpBytesDl":307.2,"pdcpBytesUl":307.2},"prbMeasReport":{"measPeriodPrb":10,"availPrbDl":250,"availPrbUl":250}}]}}
{"cellMeasReport":{"du-id":1006,"measTimeStampRf":"2020-11-05T15:39:58.859766","cellMeasReportList":[{"nrCellIdentity":9,"throughput":0.3,"pdcpByteMeasReport":{"measPeriodPdcpBytes":10,"pdcpBytesDl":307.2,"pdcpBytesUl":307.2},"prbMeasReport":{"measPeriodPrb":10,"availPrbDl":250,"availPrbUl":250}}]}}
{"cellMeasReport":{"du-id":1006,"measTimeStampRf":"2020-11-05T15:39:58.859766","cellMeasReportList":[{"nrCellIdentity":6,"throughput":0.3,"pdcpByteMeasReport":{"measPeriodPdcpBytes":10,"pdcpBytesDl":307.2,"pdcpBytesUl":307.2},"prbMeasReport":{"measPeriodPrb":10,"availPrbDl":250,"availPrbUl":250}}]}}
{"cellMeasReport":{"du-id":1012,"measTimeStampRf":"2020-11-05T15:39:58.859766","cellMeasReportList":[{"nrCellIdentity":12,"throughput":0.3,"pdcpByteMeasReport":{"measPeriodPdcpBytes":10,"pdcpBytesDl":307.2,"pdcpBytesUl":307.2},"prbMeasReport":{"measPeriodPrb":10,"availPrbDl":250,"availPrbUl":250}}]}}
{"cellMeasReport":{"du-id":1010,"measTimeStampRf":"2020-11-05T15:39:58.859766","cellMeasReportList":[{"nrCellIdentity":10,"throughput":0.3,"pdcpByteMeasReport":{"measPeriodPdcpBytes":10,"pdcpBytesDl":307.2,"pdcpBytesUl":307.2},"prbMeasReport":{"measPeriodPrb":10,"availPrbDl":250,"availPrbUl":250}}]}}
{"cellMeasReport":{"du-id":1004,"measTimeStampRf":"2020-11-05T15:39:58.859766","cellMeasReportList":[{"nrCellIdentity":4,"throughput":0.3,"pdcpByteMeasReport":{"measPeriodPdcpBytes":10,"pdcpBytesDl":307.2,"pdcpBytesUl":307.2},"prbMeasReport":{"measPeriodPrb":10,"availPrbDl":250,"availPrbUl":250}}]}}
{"cellMeasReport":{"du-id":1003,"measTimeStampRf":"2020-11-05T15:39:58.859766","cellMeasReportList":[{"nrCellIdentity":3,"throughput":0.3,"pdcpByteMeasReport":{"measPeriodPdcpBytes":10,"pdcpBytesDl":307.2,"pdcpBytesUl":307.2},"prbMeasReport":{"measPeriodPrb":10,"availPrbDl":250,"availPrbUl":250}}]}}
{"cellMeasReport":{"du-id":1008,"measTimeStampRf":"2020-11-05T15:39:58.859766","cellMeasReportList":[{"nrCellIdentity":8,"throughput":0.3,"pdcpByteMeasReport":{"measPeriodPdcpBytes":10,"pdcpBytesDl":307.2,"pdcpBytesUl":307.2},"prbMeasReport":{"measPeriodPrb":10,"availPrbDl":250,"availPrbUl":250}}]}}
